{"cameraMode":{"drawMode":0,"name":"Shaded","section":"Shading Mode"},"sceneLighting":false,"audioPlay":false,"sceneViewState":{"showFog":false,"showMaterialUpdate":false,"showSkybox":false,"showFlares":false,"showImageEffects":false,"showParticleSystems":false,"showVisualEffectGraphs":true,"m_FxEnabled":true},"in2DMode":false,"pivot":{"x":-1.0634777545928956,"y":-0.05724620819091797,"z":-0.2652397155761719},"rotation":{"x":0.2652711868286133,"y":0.010123608633875847,"z":-0.002785417251288891,"w":0.9641172289848328},"size":10.618619918823243,"orthographic":false}