{"cameraMode":{"drawMode":0,"name":"Shaded","section":"Shading Mode"},"sceneLighting":false,"audioPlay":false,"sceneViewState":{"showFog":false,"showMaterialUpdate":false,"showSkybox":false,"showFlares":false,"showImageEffects":false,"showParticleSystems":false,"showVisualEffectGraphs":true,"m_FxEnabled":true},"in2DMode":false,"pivot":{"x":-1.8458563089370728,"y":1.3406124114990235,"z":0.49733924865722659},"rotation":{"x":0.22893878817558289,"y":-0.010220903903245926,"z":0.0024039854761213066,"w":0.9733849763870239},"size":10.618619918823243,"orthographic":false}