{"cameraMode":{"drawMode":0,"name":"Shaded","section":"Shading Mode"},"sceneLighting":false,"audioPlay":false,"sceneViewState":{"showFog":false,"showMaterialUpdate":false,"showSkybox":false,"showFlares":false,"showImageEffects":false,"showParticleSystems":false,"showVisualEffectGraphs":true,"m_FxEnabled":true},"in2DMode":false,"pivot":{"x":-0.31843066215515139,"y":1.1287178993225098,"z":1.1603832244873047},"rotation":{"x":0.4159546196460724,"y":-0.005456241779029369,"z":0.002495788736268878,"w":0.9093664884567261},"size":3.2660250663757326,"orthographic":false}